[{"model": "admin.logentry", "pk": 1, "fields": {"action_time": "2023-01-29T11:06:18.731Z", "user": 1, "content_type": 15, "object_id": "2", "object_repr": "wer@mail.ru", "action_flag": 1, "change_message": "[{\"added\": {}}]"}}, {"model": "admin.logentry", "pk": 2, "fields": {"action_time": "2023-01-29T11:14:12.963Z", "user": 1, "content_type": 15, "object_id": "4", "object_repr": "kankan@mail.ru", "action_flag": 1, "change_message": "[{\"added\": {}}]"}}, {"model": "admin.logentry", "pk": 3, "fields": {"action_time": "2023-01-29T11:18:19.933Z", "user": 1, "content_type": 13, "object_id": "1", "object_repr": "Завтрак", "action_flag": 1, "change_message": "[{\"added\": {}}]"}}, {"model": "admin.logentry", "pk": 4, "fields": {"action_time": "2023-01-29T11:18:34.104Z", "user": 1, "content_type": 13, "object_id": "2", "object_repr": "Обед", "action_flag": 1, "change_message": "[{\"added\": {}}]"}}, {"model": "admin.logentry", "pk": 5, "fields": {"action_time": "2023-01-29T11:18:45.299Z", "user": 1, "content_type": 13, "object_id": "3", "object_repr": "Ужин", "action_flag": 1, "change_message": "[{\"added\": {}}]"}}, {"model": "admin.logentry", "pk": 6, "fields": {"action_time": "2023-01-29T11:19:03.319Z", "user": 1, "content_type": 10, "object_id": "1", "object_repr": "Куряга", "action_flag": 1, "change_message": "[{\"added\": {}}]"}}, {"model": "admin.logentry", "pk": 7, "fields": {"action_time": "2023-01-29T11:19:10.680Z", "user": 1, "content_type": 10, "object_id": "2", "object_repr": "Морковь", "action_flag": 1, "change_message": "[{\"added\": {}}]"}}, {"model": "admin.logentry", "pk": 8, "fields": {"action_time": "2023-01-29T11:19:18.367Z", "user": 1, "content_type": 10, "object_id": "3", "object_repr": "Свекла", "action_flag": 1, "change_message": "[{\"added\": {}}]"}}, {"model": "admin.logentry", "pk": 9, "fields": {"action_time": "2023-01-30T17:39:56.369Z", "user": 1, "content_type": 15, "object_id": "2", "object_repr": "wer", "action_flag": 2, "change_message": "[{\"changed\": {\"fields\": [\"Password\"]}}]"}}, {"model": "admin.logentry", "pk": 10, "fields": {"action_time": "2023-01-30T18:12:30.331Z", "user": 1, "content_type": 15, "object_id": "2", "object_repr": "wer", "action_flag": 2, "change_message": "[]"}}, {"model": "admin.logentry", "pk": 11, "fields": {"action_time": "2023-01-30T18:17:36.052Z", "user": 1, "content_type": 15, "object_id": "7", "object_repr": "ROLLE", "action_flag": 2, "change_message": "[{\"changed\": {\"fields\": [\"\\u0421\\u0442\\u0430\\u0442\\u0443\\u0441\"]}}]"}}, {"model": "admin.logentry", "pk": 12, "fields": {"action_time": "2023-01-30T18:17:47.524Z", "user": 1, "content_type": 15, "object_id": "7", "object_repr": "ROLLE", "action_flag": 2, "change_message": "[{\"changed\": {\"fields\": [\"\\u0421\\u0442\\u0430\\u0442\\u0443\\u0441\"]}}]"}}, {"model": "auth.permission", "pk": 1, "fields": {"name": "Can add log entry", "content_type": 1, "codename": "add_logentry"}}, {"model": "auth.permission", "pk": 2, "fields": {"name": "Can change log entry", "content_type": 1, "codename": "change_logentry"}}, {"model": "auth.permission", "pk": 3, "fields": {"name": "Can delete log entry", "content_type": 1, "codename": "delete_logentry"}}, {"model": "auth.permission", "pk": 4, "fields": {"name": "Can view log entry", "content_type": 1, "codename": "view_logentry"}}, {"model": "auth.permission", "pk": 5, "fields": {"name": "Can add permission", "content_type": 2, "codename": "add_permission"}}, {"model": "auth.permission", "pk": 6, "fields": {"name": "Can change permission", "content_type": 2, "codename": "change_permission"}}, {"model": "auth.permission", "pk": 7, "fields": {"name": "Can delete permission", "content_type": 2, "codename": "delete_permission"}}, {"model": "auth.permission", "pk": 8, "fields": {"name": "Can view permission", "content_type": 2, "codename": "view_permission"}}, {"model": "auth.permission", "pk": 9, "fields": {"name": "Can add group", "content_type": 3, "codename": "add_group"}}, {"model": "auth.permission", "pk": 10, "fields": {"name": "Can change group", "content_type": 3, "codename": "change_group"}}, {"model": "auth.permission", "pk": 11, "fields": {"name": "Can delete group", "content_type": 3, "codename": "delete_group"}}, {"model": "auth.permission", "pk": 12, "fields": {"name": "Can view group", "content_type": 3, "codename": "view_group"}}, {"model": "auth.permission", "pk": 13, "fields": {"name": "Can add content type", "content_type": 4, "codename": "add_contenttype"}}, {"model": "auth.permission", "pk": 14, "fields": {"name": "Can change content type", "content_type": 4, "codename": "change_contenttype"}}, {"model": "auth.permission", "pk": 15, "fields": {"name": "Can delete content type", "content_type": 4, "codename": "delete_contenttype"}}, {"model": "auth.permission", "pk": 16, "fields": {"name": "Can view content type", "content_type": 4, "codename": "view_contenttype"}}, {"model": "auth.permission", "pk": 17, "fields": {"name": "Can add session", "content_type": 5, "codename": "add_session"}}, {"model": "auth.permission", "pk": 18, "fields": {"name": "Can change session", "content_type": 5, "codename": "change_session"}}, {"model": "auth.permission", "pk": 19, "fields": {"name": "Can delete session", "content_type": 5, "codename": "delete_session"}}, {"model": "auth.permission", "pk": 20, "fields": {"name": "Can view session", "content_type": 5, "codename": "view_session"}}, {"model": "auth.permission", "pk": 21, "fields": {"name": "Can add Token", "content_type": 6, "codename": "add_token"}}, {"model": "auth.permission", "pk": 22, "fields": {"name": "Can change Token", "content_type": 6, "codename": "change_token"}}, {"model": "auth.permission", "pk": 23, "fields": {"name": "Can delete Token", "content_type": 6, "codename": "delete_token"}}, {"model": "auth.permission", "pk": 24, "fields": {"name": "Can view Token", "content_type": 6, "codename": "view_token"}}, {"model": "auth.permission", "pk": 25, "fields": {"name": "Can add token", "content_type": 7, "codename": "add_tokenproxy"}}, {"model": "auth.permission", "pk": 26, "fields": {"name": "Can change token", "content_type": 7, "codename": "change_tokenproxy"}}, {"model": "auth.permission", "pk": 27, "fields": {"name": "Can delete token", "content_type": 7, "codename": "delete_tokenproxy"}}, {"model": "auth.permission", "pk": 28, "fields": {"name": "Can view token", "content_type": 7, "codename": "view_tokenproxy"}}, {"model": "auth.permission", "pk": 29, "fields": {"name": "Can add Избранный рецепт", "content_type": 8, "codename": "add_favoriterecipe"}}, {"model": "auth.permission", "pk": 30, "fields": {"name": "Can change Избранный рецепт", "content_type": 8, "codename": "change_favoriterecipe"}}, {"model": "auth.permission", "pk": 31, "fields": {"name": "Can delete Избранный рецепт", "content_type": 8, "codename": "delete_favoriterecipe"}}, {"model": "auth.permission", "pk": 32, "fields": {"name": "Can view Избранный рецепт", "content_type": 8, "codename": "view_favoriterecipe"}}, {"model": "auth.permission", "pk": 33, "fields": {"name": "Can add Подписки", "content_type": 9, "codename": "add_follow"}}, {"model": "auth.permission", "pk": 34, "fields": {"name": "Can change Подписки", "content_type": 9, "codename": "change_follow"}}, {"model": "auth.permission", "pk": 35, "fields": {"name": "Can delete Подписки", "content_type": 9, "codename": "delete_follow"}}, {"model": "auth.permission", "pk": 36, "fields": {"name": "Can view Подписки", "content_type": 9, "codename": "view_follow"}}, {"model": "auth.permission", "pk": 37, "fields": {"name": "Can add Ингредиент", "content_type": 10, "codename": "add_ingredient"}}, {"model": "auth.permission", "pk": 38, "fields": {"name": "Can change Ингредиент", "content_type": 10, "codename": "change_ingredient"}}, {"model": "auth.permission", "pk": 39, "fields": {"name": "Can delete Ингредиент", "content_type": 10, "codename": "delete_ingredient"}}, {"model": "auth.permission", "pk": 40, "fields": {"name": "Can view Ингредиент", "content_type": 10, "codename": "view_ingredient"}}, {"model": "auth.permission", "pk": 41, "fields": {"name": "Can add Ингредиент в рецептах", "content_type": 11, "codename": "add_ingredientsrecipe"}}, {"model": "auth.permission", "pk": 42, "fields": {"name": "Can change Ингредиент в рецептах", "content_type": 11, "codename": "change_ingredientsrecipe"}}, {"model": "auth.permission", "pk": 43, "fields": {"name": "Can delete Ингредиент в рецептах", "content_type": 11, "codename": "delete_ingredientsrecipe"}}, {"model": "auth.permission", "pk": 44, "fields": {"name": "Can view Ингредиент в рецептах", "content_type": 11, "codename": "view_ingredientsrecipe"}}, {"model": "auth.permission", "pk": 45, "fields": {"name": "Can add Рецепт", "content_type": 12, "codename": "add_recipe"}}, {"model": "auth.permission", "pk": 46, "fields": {"name": "Can change Рецепт", "content_type": 12, "codename": "change_recipe"}}, {"model": "auth.permission", "pk": 47, "fields": {"name": "Can delete Рецепт", "content_type": 12, "codename": "delete_recipe"}}, {"model": "auth.permission", "pk": 48, "fields": {"name": "Can view Рецепт", "content_type": 12, "codename": "view_recipe"}}, {"model": "auth.permission", "pk": 49, "fields": {"name": "Can add Тэг", "content_type": 13, "codename": "add_tag"}}, {"model": "auth.permission", "pk": 50, "fields": {"name": "Can change Тэг", "content_type": 13, "codename": "change_tag"}}, {"model": "auth.permission", "pk": 51, "fields": {"name": "Can delete Тэг", "content_type": 13, "codename": "delete_tag"}}, {"model": "auth.permission", "pk": 52, "fields": {"name": "Can view Тэг", "content_type": 13, "codename": "view_tag"}}, {"model": "auth.permission", "pk": 53, "fields": {"name": "Can add Список покупок", "content_type": 14, "codename": "add_shoppingcart"}}, {"model": "auth.permission", "pk": 54, "fields": {"name": "Can change Список покупок", "content_type": 14, "codename": "change_shoppingcart"}}, {"model": "auth.permission", "pk": 55, "fields": {"name": "Can delete Список покупок", "content_type": 14, "codename": "delete_shoppingcart"}}, {"model": "auth.permission", "pk": 56, "fields": {"name": "Can view Список покупок", "content_type": 14, "codename": "view_shoppingcart"}}, {"model": "auth.permission", "pk": 57, "fields": {"name": "Can add user", "content_type": 15, "codename": "add_user"}}, {"model": "auth.permission", "pk": 58, "fields": {"name": "Can change user", "content_type": 15, "codename": "change_user"}}, {"model": "auth.permission", "pk": 59, "fields": {"name": "Can delete user", "content_type": 15, "codename": "delete_user"}}, {"model": "auth.permission", "pk": 60, "fields": {"name": "Can view user", "content_type": 15, "codename": "view_user"}}, {"model": "contenttypes.contenttype", "pk": 1, "fields": {"app_label": "admin", "model": "logentry"}}, {"model": "contenttypes.contenttype", "pk": 2, "fields": {"app_label": "auth", "model": "permission"}}, {"model": "contenttypes.contenttype", "pk": 3, "fields": {"app_label": "auth", "model": "group"}}, {"model": "contenttypes.contenttype", "pk": 4, "fields": {"app_label": "contenttypes", "model": "contenttype"}}, {"model": "contenttypes.contenttype", "pk": 5, "fields": {"app_label": "sessions", "model": "session"}}, {"model": "contenttypes.contenttype", "pk": 6, "fields": {"app_label": "authtoken", "model": "token"}}, {"model": "contenttypes.contenttype", "pk": 7, "fields": {"app_label": "authtoken", "model": "tokenproxy"}}, {"model": "contenttypes.contenttype", "pk": 8, "fields": {"app_label": "recipes", "model": "favoriterecipe"}}, {"model": "contenttypes.contenttype", "pk": 9, "fields": {"app_label": "recipes", "model": "follow"}}, {"model": "contenttypes.contenttype", "pk": 10, "fields": {"app_label": "recipes", "model": "ingredient"}}, {"model": "contenttypes.contenttype", "pk": 11, "fields": {"app_label": "recipes", "model": "ingredientsrecipe"}}, {"model": "contenttypes.contenttype", "pk": 12, "fields": {"app_label": "recipes", "model": "recipe"}}, {"model": "contenttypes.contenttype", "pk": 13, "fields": {"app_label": "recipes", "model": "tag"}}, {"model": "contenttypes.contenttype", "pk": 14, "fields": {"app_label": "recipes", "model": "shoppingcart"}}, {"model": "contenttypes.contenttype", "pk": 15, "fields": {"app_label": "users", "model": "user"}}, {"model": "sessions.session", "pk": "ltq57zwzo312lnfy4jti2wrasw4lkrkj", "fields": {"session_data": ".eJxVjMsOwiAQRf-FtSGA5TEu3fcbyAyMUjU0Ke3K-O_SpAvd3nPOfYuI21ri1niJUxYXocXpdyNMT647yA-s91mmua7LRHJX5EGbHOfMr-vh_h0UbKXXSgN7BghhQGOzozMrAGUMEVuH6LRhT8nfgDoH56wfgkYg241kQXy-0Iw3hg:1pM5VW:PW9o6MAUcu0cNgXSXOevzJ0WLV1Fyblp-fYm7Dxu7IA", "expire_date": "2023-02-12T11:05:58.657Z"}}, {"model": "authtoken.token", "pk": "1c94387b8ef0fdd6c5b4019702ee623acc5c9ecf", "fields": {"user": 7, "created": "2023-01-30T18:18:21.509Z"}}, {"model": "authtoken.token", "pk": "503d4af5da8fd964f72fc936d03875fea46bd343", "fields": {"user": 1, "created": "2023-01-30T12:57:49.340Z"}}, {"model": "recipes.ingredient", "pk": 1, "fields": {"name": "Куряга", "measurement_unit": "кг"}}, {"model": "recipes.ingredient", "pk": 2, "fields": {"name": "Морковь", "measurement_unit": "кг"}}, {"model": "recipes.ingredient", "pk": 3, "fields": {"name": "Свекла", "measurement_unit": "гр"}}, {"model": "recipes.tag", "pk": 1, "fields": {"name": "Завтрак", "color": "#F08080", "slug": "zavtrak"}}, {"model": "recipes.tag", "pk": 2, "fields": {"name": "Обед", "color": "#00FF00", "slug": "obed"}}, {"model": "recipes.tag", "pk": 3, "fields": {"name": "Ужин", "color": "#FFA07A", "slug": "uzhin"}}, {"model": "recipes.recipe", "pk": 1, "fields": {"name": "===1===", "author": 3, "image": "recipes/3a0e8bfd-1b06-4655-bdac-e9e703dbe680.png", "text": "===1===", "cooking_time": 1, "tags": [1]}}, {"model": "recipes.recipe", "pk": 2, "fields": {"name": "===2===", "author": 3, "image": "recipes/f74ffcc8-f23b-4293-a5a1-337680f070ac.png", "text": "===2===", "cooking_time": 2, "tags": [2]}}, {"model": "recipes.recipe", "pk": 3, "fields": {"name": "===3===", "author": 3, "image": "recipes/05f59dc2-a510-49dd-a88d-d7e4cd1dac22.png", "text": "===3===", "cooking_time": 3, "tags": [3]}}, {"model": "recipes.recipe", "pk": 4, "fields": {"name": "===4===", "author": 3, "image": "recipes/479aede6-6dae-4e55-8381-67853e8a6928.png", "text": "===4===", "cooking_time": 4, "tags": [1, 2]}}, {"model": "recipes.recipe", "pk": 5, "fields": {"name": "===5===", "author": 3, "image": "recipes/f3d8bb7e-9f84-4584-ac79-ec1d0e0ac691.png", "text": "===5===", "cooking_time": 5, "tags": [2, 3]}}, {"model": "recipes.recipe", "pk": 6, "fields": {"name": "===test===", "author": 5, "image": "recipes/1873f5e7-3709-469b-b2b8-15bed8e7e0e9.png", "text": "===test===", "cooking_time": 10, "tags": [1]}}, {"model": "recipes.recipe", "pk": 7, "fields": {"name": "===test 22===", "author": 5, "image": "recipes/71f6c0ea-7ac0-4896-ae4b-7820cd1fa704.png", "text": "===test 22===", "cooking_time": 22, "tags": [1, 2, 3]}}, {"model": "recipes.ingredientsrecipe", "pk": 1, "fields": {"ingredient": 1, "recipe": 1, "amount": 11}}, {"model": "recipes.ingredientsrecipe", "pk": 2, "fields": {"ingredient": 2, "recipe": 2, "amount": 22}}, {"model": "recipes.ingredientsrecipe", "pk": 3, "fields": {"ingredient": 3, "recipe": 3, "amount": 33}}, {"model": "recipes.ingredientsrecipe", "pk": 4, "fields": {"ingredient": 1, "recipe": 4, "amount": 11}}, {"model": "recipes.ingredientsrecipe", "pk": 5, "fields": {"ingredient": 2, "recipe": 4, "amount": 22}}, {"model": "recipes.ingredientsrecipe", "pk": 6, "fields": {"ingredient": 2, "recipe": 5, "amount": 22}}, {"model": "recipes.ingredientsrecipe", "pk": 7, "fields": {"ingredient": 3, "recipe": 5, "amount": 33}}, {"model": "recipes.ingredientsrecipe", "pk": 8, "fields": {"ingredient": 1, "recipe": 6, "amount": 11}}, {"model": "recipes.ingredientsrecipe", "pk": 10, "fields": {"ingredient": 1, "recipe": 7, "amount": 11}}, {"model": "recipes.ingredientsrecipe", "pk": 11, "fields": {"ingredient": 2, "recipe": 7, "amount": 22}}, {"model": "recipes.ingredientsrecipe", "pk": 12, "fields": {"ingredient": 3, "recipe": 7, "amount": 33}}, {"model": "recipes.follow", "pk": 4, "fields": {"user": 1, "author": 3}}, {"model": "recipes.follow", "pk": 6, "fields": {"user": 5, "author": 3}}, {"model": "recipes.follow", "pk": 8, "fields": {"user": 7, "author": 5}}, {"model": "recipes.favoriterecipe", "pk": 1, "fields": {"user": 1, "recipe": 2}}, {"model": "recipes.favoriterecipe", "pk": 3, "fields": {"user": 1, "recipe": 4}}, {"model": "recipes.favoriterecipe", "pk": 4, "fields": {"user": 5, "recipe": 2}}, {"model": "recipes.favoriterecipe", "pk": 5, "fields": {"user": 5, "recipe": 5}}, {"model": "recipes.favoriterecipe", "pk": 6, "fields": {"user": 7, "recipe": 7}}, {"model": "recipes.favoriterecipe", "pk": 7, "fields": {"user": 7, "recipe": 6}}, {"model": "recipes.favoriterecipe", "pk": 8, "fields": {"user": 7, "recipe": 5}}, {"model": "recipes.shoppingcart", "pk": 1, "fields": {"user": 1, "recipe": 5}}, {"model": "recipes.shoppingcart", "pk": 2, "fields": {"user": 1, "recipe": 3}}, {"model": "recipes.shoppingcart", "pk": 4, "fields": {"user": 5, "recipe": 2}}, {"model": "recipes.shoppingcart", "pk": 5, "fields": {"user": 5, "recipe": 3}}, {"model": "recipes.shoppingcart", "pk": 6, "fields": {"user": 5, "recipe": 4}}, {"model": "recipes.shoppingcart", "pk": 8, "fields": {"user": 7, "recipe": 1}}, {"model": "recipes.shoppingcart", "pk": 9, "fields": {"user": 7, "recipe": 2}}, {"model": "recipes.shoppingcart", "pk": 10, "fields": {"user": 7, "recipe": 3}}, {"model": "recipes.shoppingcart", "pk": 11, "fields": {"user": 7, "recipe": 4}}, {"model": "recipes.shoppingcart", "pk": 12, "fields": {"user": 7, "recipe": 5}}, {"model": "users.user", "pk": 1, "fields": {"password": "pbkdf2_sha256$260000$OAP0FsS3FrE1m2XN9PzLNJ$9e7Wpbm/Znx1vCzZjwHkA54rrza431jSU+PKzxmHk+U=", "last_login": "2023-01-30T18:13:32.402Z", "is_superuser": true, "is_staff": true, "is_active": true, "date_joined": "2023-01-29T11:05:41.083Z", "username": "admin", "email": "o000oo73@mail.ru", "first_name": "admin", "last_name": "admin", "role": "user", "groups": [], "user_permissions": []}}, {"model": "users.user", "pk": 2, "fields": {"password": "werwer", "last_login": null, "is_superuser": false, "is_staff": false, "is_active": true, "date_joined": "2023-01-29T11:06:05Z", "username": "wer", "email": "wer@mail.ru", "first_name": "wer", "last_name": "wer", "role": "user", "groups": [], "user_permissions": []}}, {"model": "users.user", "pk": 3, "fields": {"password": "pbkdf2_sha256$260000$M75bNzTf2sPq4GLmP48Lr7$HJ5te1apXjOq4qorgd85td1BCdV5oV9yOu5dI79LLjU=", "last_login": "2023-01-29T12:53:20.952Z", "is_superuser": false, "is_staff": false, "is_active": true, "date_joined": "2023-01-29T11:09:21.061Z", "username": "qqq@yandex.ru", "email": "qqq@yandex.ru", "first_name": "qqq@yandex.ru", "last_name": "qqq@yandex.ru", "role": "user", "groups": [], "user_permissions": []}}, {"model": "users.user", "pk": 4, "fields": {"password": "kankan", "last_login": null, "is_superuser": false, "is_staff": false, "is_active": true, "date_joined": "2023-01-29T11:13:58Z", "username": "kankan", "email": "kankan@mail.ru", "first_name": "kankan", "last_name": "kankan", "role": "user", "groups": [], "user_permissions": []}}, {"model": "users.user", "pk": 5, "fields": {"password": "pbkdf2_sha256$260000$Cy0j0CKmnRFmO2pC1yKnAw$erohQKe15R01MrlUiP5ji39YVrk6Zy6TkvCfYIErp+4=", "last_login": "2023-01-29T14:59:31.853Z", "is_superuser": false, "is_staff": false, "is_active": true, "date_joined": "2023-01-29T14:58:09.751Z", "username": "test", "email": "test@yandex.ru", "first_name": "test", "last_name": "test", "role": "user", "groups": [], "user_permissions": []}}, {"model": "users.user", "pk": 6, "fields": {"password": "pbkdf2_sha256$260000$TdcSCtAVQ1T2FiLxfm5cl0$pUAgueiuVatpL/k02/SCEBsdyQ7Zlh6vT6CIQNUX+ao=", "last_login": null, "is_superuser": false, "is_staff": false, "is_active": true, "date_joined": "2023-01-30T18:14:03.621Z", "username": "role", "email": "role@yandex.ru", "first_name": "role", "last_name": "role", "role": "user", "groups": [], "user_permissions": []}}, {"model": "users.user", "pk": 7, "fields": {"password": "pbkdf2_sha256$260000$8HESevguWC0yedl58ePbLa$mkU9RAxcfEG6HagKR2pc9gDr3xgfgnZtS5OI5nE5tlo=", "last_login": "2023-01-30T18:18:21.522Z", "is_superuser": false, "is_staff": false, "is_active": true, "date_joined": "2023-01-30T18:17:07Z", "username": "ROLLE", "email": "rolle@yandex.ru", "first_name": "ROLLE", "last_name": "ROLLE", "role": "user", "groups": [], "user_permissions": []}}]